
insert into public.auth_page_router (id, title, path, name, redirect, icon, show_link, rank, parent_id, created_time, updated_time, updated_by_user_id, created_by_user_id, menu_type, component, extra_icon, enter_transition, leave_transition, active_path, frame_src, frame_loading, keep_alive, hidden_tag, fixed_tag)
values  (615609281261637, '角色管理', '/auth/role/index', 'auth-role-index', null, 'fa-solid:chess-queen', true, 50, 1145142, '2024-11-24 15:00:36.683171', '2024-12-16 21:36:22.823855', 614558031941701, 114514, 0, '', 'fa-solid:chess-rook', 'bounce', 'flash', '', '', false, false, false, false),
        (615617888456879, '页面管理', '/auth/pageRouter/index', 'auth-pageRouter-index', null, 'ep:user-filled', true, 50, 1145142, '2024-11-24 15:35:38.049641', '2024-12-20 10:22:15.495466', 614558031941701, 114514, 0, '', '', '', '', '', '', false, false, false, false),
        (615617888456773, '用户管理', '/auth/user/index', 'auth-user-index', null, 'ep:user-filled', true, 50, 1145142, '2024-11-24 15:35:38.049641', '2024-12-20 10:29:43.267195', 614558031941701, 114514, 0, '', '', '', '', '', '', false, false, false, false),
        (1145142, '系统管理（动态）', '/auth', 'auth', '/auth/user/index', 'ri:settings-2-fill', true, 1, null, null, '2024-12-20 10:31:54.859839', 614558031941701, null, 0, '', 'ri:settings-2-fill', '', '', '', '', false, false, false, false),
        (615617888456779, '权限管理', '/auth/permission/index', 'auth-permission-index', null, 'ep:user-filled', true, 50, 1145142, '2024-11-24 15:35:38.049641', '2024-12-20 10:32:28.912199', 614558031941701, 114514, 0, '', '', '', '', '', '', false, false, false, false);

insert into public.auth_permission (id, title, code, remark, created_time, updated_time, updated_by_user_id, created_by_user_id, parent_id)
values  (1, '所有权限', '**', '所有接口都能访问', '2024-12-07 16:01:27.441321', '2024-12-07 15:34:20.708081', 114514, null, null),
        (620223681163333, 'user分页查询', 'auth:user:view:page', 'user分页查询', '2024-12-07 15:56:39.159125', '2024-12-14 15:35:44.005348', 114514, 114514, 620223832883269),
        (620223505530949, '修改用户拥有角色关系', 'auth:user:update:role', '修改用户拥有角色关系', '2024-12-07 15:55:56.280698', '2024-12-14 15:40:44.789316', 114514, 114514, 620223832883269),
        (620223309852741, '根据ID获取用户', 'auth:user:view:id', '', '2024-12-07 15:55:08.507634', '2024-12-14 15:41:39.253264', 114514, 114514, 620223832883269),
        (620222885806149, '更新密码', 'auth:user:update:password', '', '2024-12-07 15:53:24.980230', '2024-12-14 15:41:54.289214', 114514, 114514, 620223832883269),
        (620223832883269, '用户模块', 'auth:user:*', '用户模块所有权限', '2024-12-07 15:57:16.200796', '2024-12-20 10:28:54.305018', 614558031941701, 114514, 624743587221573),
        (620219595882565, '查询role简单数据', 'auth:role:view:simpleData', '', '2024-12-07 15:40:01.776928', '2024-12-14 15:43:03.944981', 114514, 114514, 622697484054597),
        (612000379674693, '更新角色', 'auth:role:update', '', '2024-11-14 10:15:57.209055', '2024-12-14 15:43:57.377996', 114514, 114514, 622697484054597),
        (624744419622981, '系统配置模块', 'system:*', '一级模块', '2024-12-20 10:31:35.072440', '2024-12-20 10:31:35.072440', 614558031941701, 614558031941701, 1),
        (2, '新增角色', 'auth:role:create', '', '2024-12-07 15:53:24.980230', '2024-12-14 15:44:16.445371', 114514, null, 622697484054597),
        (620218132709445, '查看角色数据', 'auth:role:view:*', '', '2024-12-07 15:34:04.557268', '2024-12-14 15:44:34.345613', 114514, 114514, 622697484054597),
        (620224861966405, '查看页面路由数据', 'auth:page:view:*', '查看页面路由', '2024-12-07 16:01:27.441321', '2024-12-14 21:10:45.937231', 114514, 114514, 622702369030213),
        (622778385719365, '分页查询', 'auth:pageRouter:view:page', '页面路由', '2024-12-14 21:11:46.327554', '2024-12-14 21:12:00.745198', 114514, 114514, 620224861966405),
        (620224482058309, '获取当前用户可访问路由树', 'auth:pageRouter:view:tree', '获取当前用户可访问路由树', '2024-12-07 15:59:54.690640', '2024-12-14 21:12:17.812020', 114514, 114514, 620224861966405),
        (622778660126789, '级联选择数据接口', 'auth:pageRouter:view:cascader', '页面路由', '2024-12-14 21:12:53.320543', '2024-12-14 21:12:53.320543', 114514, 114514, 620224861966405),
        (622778779996229, '新增页面路由', 'auth:pageRouter:add', '新增页面路由', '2024-12-14 21:13:22.585105', '2024-12-14 21:13:22.585105', 114514, 114514, 622702369030213),
        (622778886246469, '更新页面路由', 'auth:pageRouter:update', '更新页面路由', '2024-12-14 21:13:48.525956', '2024-12-14 21:13:48.525956', 114514, 114514, 622702369030213),
        (622779002056773, '获取页面路由权限', 'auth:pageRouter:view:permissions', '获取页面路由权限', '2024-12-14 21:14:16.799183', '2024-12-14 21:14:16.799183', 114514, 114514, 620224861966405),
        (4, '角色列表', 'auth:role:view:page', '', '2024-11-18 17:06:45.000000', '2024-12-14 21:22:57.501130', 114514, null, 620218132709445),
        (614288251818053, '根据ID获取角色', 'auth:role:view:id', '', '2024-11-20 21:25:19.729125', '2024-12-14 21:23:12.401314', 114514, 114514, 620218132709445),
        (3, '角色详情', 'auth:role:view:detail', '', '2024-12-07 15:53:24.980230', '2024-12-14 21:23:45.020672', 114514, null, 620218132709445),
        (620218750996549, '获取角色权限', 'auth:role:view:permissions', '', '2024-12-07 15:36:35.505958', '2024-12-14 21:25:12.652431', 114514, 114514, 620218132709445),
        (624742706626629, '查看权限数据', 'auth:permission:view:*', '所有查看权限', '2024-12-20 10:24:36.860443', '2024-12-20 10:24:36.860443', 614558031941701, 614558031941701, 624742392287301),
        (624742834982981, '更新权限', 'auth:permission:update', '', '2024-12-20 10:25:08.197411', '2024-12-20 10:25:08.197411', 614558031941701, 614558031941701, 624742392287301),
        (624742976856133, '新增权限', 'auth:permission:add', '', '2024-12-20 10:25:42.834272', '2024-12-20 10:25:42.834272', 614558031941701, 614558031941701, 624742392287301),
        (624743054549061, '分页查询', 'auth:permission:view:page', '', '2024-12-20 10:26:01.802828', '2024-12-20 10:26:01.802828', 614558031941701, 614558031941701, 624742392287301),
        (624743587221573, '系统认证与权限管理', 'auth:*', '一级模块', '2024-12-20 10:28:11.849136', '2024-12-20 10:28:11.849136', 614558031941701, 614558031941701, 1),
        (624742392287301, '权限管理模块', 'auth:permission:*', '权限管理模块', '2024-12-20 10:23:20.118042', '2024-12-20 10:28:25.376482', 614558031941701, 614558031941701, 624743587221573),
        (622702369030213, '页面路由模块', 'auth:pageRouter:*', '页面路由模块', '2024-12-14 16:02:27.566976', '2024-12-20 10:28:33.809811', 614558031941701, 114514, 624743587221573),
        (622697484054597, '角色模块权限', 'auth:role:*', '角色模块权限', '2024-12-14 15:42:34.944495', '2024-12-20 10:28:42.784228', 614558031941701, 114514, 624743587221573);

insert into public.auth_role (id, title, code, created_time, updated_time, updated_by_user_id, created_by_user_id, remark)
values  (1, '管理员', 'admin', '2024-11-20 15:37:54.151001', '2024-12-07 16:02:13.429746', 114514, 114514, '拥有所有权限'),
        (2, '系统维护员', 'maintainer', '2024-11-20 15:37:54.151001', '2024-12-14 21:31:15.572349', 114514, 114514, '只能操作系统管理下的页面'),
        (614202868330565, '访客', 'visitors', '2024-11-20 15:37:54.151001', '2024-12-23 09:27:49.394329', 614558031941701, 114514, '只能看');

insert into public.auth_user (id, username, password, nickname, created_time, updated_time, updated_by_user_id, created_by_user_id)
values  (614558031941701, 'test', '$2a$10$Of8WxzCAS9xsklGIWF2fFeIU7vSe3wt.7APZ.NB4fWDOFRl61exuq', 'qewr', '2024-11-21 15:43:04.022721', '2024-12-07 15:04:15.147433', 114514, 114514),
        (114514, 'Tom', '$2a$10$Of8WxzCAS9xsklGIWF2fFeIU7vSe3wt.7APZ.NB4fWDOFRl61exuq', 'Tom', '2024-11-03 11:16:05.000000', '2024-11-03 11:16:09.000000', null, null),
        (624746114797637, 'visitor', '$2a$10$xq4TBQaxadBt5N4JSJ9FN.x2U3ymmpCR608X3RCDFM/Im7H7MI.ne', '访客', '2024-12-20 10:38:28.936841', '2024-12-20 10:53:38.395028', 614558031941701, 614558031941701);


insert into public.link_role_permission (role_id, permission_id)
values  (2, 620224482058309),
        (2, 620223832883269),
        (2, 620223681163333),
        (2, 620223309852741),
        (2, 620223505530949),
        (2, 620222885806149),
        (2, 620218750996549),
        (2, 614288251818053),
        (2, 612000379674693),
        (2, 2),
        (2, 3),
        (2, 620224861966405),
        (2, 4),
        (1, 1),
        (614202868330565, 620224482058309),
        (614202868330565, 4),
        (2, 622778385719365),
        (2, 622778660126789),
        (2, 622779002056773),
        (2, 620218132709445),
        (2, 622778779996229),
        (2, 622778886246469),
        (2, 622702369030213),
        (2, 622697484054597),
        (2, 620219595882565),
        (2, 1),
        (614202868330565, 620223681163333),
        (614202868330565, 620218132709445),
        (614202868330565, 614288251818053),
        (614202868330565, 3),
        (614202868330565, 620218750996549),
        (614202868330565, 620224861966405),
        (614202868330565, 622778385719365),
        (614202868330565, 622778660126789),
        (614202868330565, 622779002056773),
        (614202868330565, 624742706626629);

insert into public.link_router_permission (router_id, permission_id)
values  (615609281261637, 612000379674693),
        (615609281261637, 2),
        (615609281261637, 3),
        (1145142, 3),
        (1145142, 2),
        (1145142, 4),
        (615609281261637, 622697484054597),
        (615609281261637, 620219595882565),
        (615609281261637, 620218132709445),
        (615609281261637, 4),
        (615609281261637, 614288251818053),
        (615609281261637, 620218750996549),
        (615617888456879, 622702369030213),
        (615617888456879, 620224861966405),
        (615617888456879, 622778385719365),
        (615617888456879, 620224482058309),
        (615617888456879, 622778660126789),
        (615617888456879, 622779002056773),
        (615617888456879, 622778779996229),
        (615617888456879, 622778886246469),
        (615617888456773, 624742392287301),
        (615617888456773, 624742706626629),
        (615617888456773, 624742834982981),
        (615617888456773, 624742976856133),
        (615617888456773, 624743054549061),
        (1145142, 624743587221573),
        (1145142, 620223832883269),
        (1145142, 620223681163333),
        (1145142, 620223505530949),
        (1145142, 620223309852741),
        (1145142, 620222885806149),
        (1145142, 624742392287301),
        (1145142, 624742706626629),
        (1145142, 624742834982981),
        (1145142, 624742976856133),
        (1145142, 624743054549061),
        (1145142, 622702369030213),
        (1145142, 620224861966405),
        (1145142, 622778385719365),
        (1145142, 620224482058309),
        (1145142, 622778660126789),
        (1145142, 622779002056773),
        (1145142, 622778779996229),
        (1145142, 622778886246469),
        (1145142, 622697484054597),
        (1145142, 620219595882565),
        (1145142, 612000379674693),
        (1145142, 620218132709445),
        (1145142, 614288251818053),
        (1145142, 620218750996549),
        (615617888456779, 624742392287301),
        (615617888456779, 624742706626629),
        (615617888456779, 624742834982981),
        (615617888456779, 624742976856133),
        (615617888456779, 624743054549061);

insert into public.link_user_role (role_id, user_id)
values  (1, 114514),
        (2, 114514),
        (2, 614558031941701),
        (614202868330565, 624746114797637);

